{
    "loss": 0.023115821182727814,
    "accuracy": 0.9901960492134094
}